1947,34.386,43607
1947.25,34.67,43810
1947.5,34.937,44203
1947.75,34.781,44581
1948,34.863,44683
1948.25,34.777,45034
1948.5,34.906,45294
1948.75,35.57,45032
1949,36.124,44240
1949.25,36.234,43739
1949.5,36.628,43780
1949.75,36.607,43522
1950,37.666,43954
1950.25,38.195,45083
1950.5,38.255,46438
1950.75,38.438,46861
1951,37.823,47873
1951.25,38.29,48064
1951.5,38.736,47954
1951.75,38.899,48314
1952,39.162,48504
1952.25,39.352,48282
1952.5,39.572,49320
1952.75,40.523,50166
1953,41.11,50473
1953.25,41.438,50519
1953.5,41.683,50368
1953.75,42.015,49703
1954,42.267,49157
1954.25,42.384,48895
1954.5,42.832,48886
1954.75,43.388,49331
1955,43.629,49962
1955.25,44.054,50790
1955.5,44.802,51266
1955.75,45.072,51805
1956,45.768,52294
1956.25,46.345,52586
1956.5,46.575,52604
1956.75,46.961,52929
1957,47.241,53156
1957.25,47.312,53067
1957.5,47.515,52934
1957.75,47.92,52384
1958,47.36,51299
1958.25,47.466,50914
1958.5,48.595,51506
1958.75,48.743,52085
1959,49.137,53014
1959.25,49.471,53681
1959.5,49.502,53428
1959.75,49.672,54174
1960,50.69,54454
1960.25,50.713,54348
1960.5,50.983,54227
1960.75,50.867,53742
1961,51.215,53659
1961.25,51.951,53977
1961.5,52.137,54388
1961.75,52.445,54872
1962,53.074,55275
1962.25,53.233,55644
1962.5,53.456,55978
1962.75,53.808,56028
1963,54.171,56320
1963.25,54.345,56659
1963.5,54.567,57078
1963.75,55.039,57361
1964,54.641,57897
1964.25,55.16,58219
1964.5,55.762,58903
1964.75,55.913,59421
1965,55.974,60003
1965.25,55.99,60690
1965.5,56.415,61490
1965.75,56.952,62322
1966,57.407,63192
1966.25,57.801,64111
1966.5,58.127,64643
1966.75,58.429,65199
1967,59.065,65530
1967.25,59.655,65750
1967.5,59.861,66164
1967.75,60.02,66900
1968,61.031,67295
1968.25,61.426,67905
1968.5,61.593,68484
1968.75,62.047,69248
1969,62.135,69905
1969.25,62.159,70636
1969.5,62.406,70914
1969.75,62.644,71241
1970,62.767,71451
1970.25,62.876,71029
1970.5,63.239,70944
1970.75,62.941,70792
1971,63.706,70860
1971.25,64.051,71254
1971.5,64.291,71614
1971.75,64.26,72109
1972,65.515,72944
1972.25,65.859,73758
1972.5,66.202,74264
1972.75,66.761,75268
1973,67.46,76284
1973.25,67.001,76887
1973.5,66.841,77276
1973.75,66.509,78031
1974,66.051,78296
1974.25,66.001,78604
1974.5,66.094,78610
1974.75,65.88,77652
1975,66.423,76648
1975.25,67.024,76521
1975.5,66.87,77228
1975.75,66.737,78017
1976,67.251,79048
1976.25,67.906,79376
1976.5,68.241,79892
1976.75,68.694,80448
1977,68.736,81391
1977.25,68.938,82488
1977.5,69.317,83532
1977.75,69.492,84410
1978,70.251,85460
1978.25,69.936,86950
1978.5,70.007,87621
1978.75,70.369,88671
1979,70.555,89479
1979.25,70.275,90108
1979.5,69.974,90327
1979.75,69.986,90672
1980,69.736,90994
1980.25,69.905,90101
1980.5,69.984,90213
1980.75,70.191,90943
1981,70.001,91210
1981.25,69.905,91490
1981.5,70.036,91477
1981.75,69.974,90895
1982,70.947,90434
1982.25,70.748,89865
1982.5,70.627,89183
1982.75,70.885,88771
1983,71.196,89090
1983.25,71.024,90021
1983.5,70.732,91247
1983.75,70.887,92230
1984,70.735,93429
1984.25,70.837,94479
1984.5,71.306,95344
1984.75,71.287,96107
1985,71.572,96842
1985.25,71.623,97459
1985.5,72.23,98045
1985.75,72.906,98609
1986,73.595,98934
1986.25,74.832,99155
1986.5,75.347,99934
1986.75,75.861,100509
1987,75.336,101164
1987.25,75.083,101900
1987.5,75.114,102647
1987.75,75.404,103661
1988,76.229,104489
1988.25,76.347,105326
1988.5,76.411,106013
1988.75,76.286,106898
1989,75.728,107621
1989.25,74.905,108027
1989.5,75.044,108369
1989.75,75.444,108836
1990,75.689,109640
1990.25,76.463,109850
1990.5,76.231,109522
1990.75,75.627,109168
1991,75.667,108568
1991.25,76.766,108330
1991.5,77.218,108335
1991.75,77.683,108330
1992,79.284,108367
1992.25,79.471,108706
1992.5,79.892,108951
1992.75,79.703,109502
1993,78.732,110004
1993.25,78.734,110742
1993.5,78.469,111448
1993.75,78.498,112325
1994,77.818,113245
1994.25,78.053,114239
1994.5,77.439,115246
1994.75,77.684,116174
1995,77.667,116908
1995.25,77.716,117291
1995.5,77.791,117873
1995.75,78.03,118325
1996,78.28,118992
1996.25,78.337,119770
1996.5,78.531,120400
1996.75,78.373,121143
1997,78.82,121991
1997.25,79.346,122816
1997.5,79.782,123575
1997.75,80.832,124549
1998,82.069,125165
1998.25,82.867,126076
1998.5,83.83,126744
1998.75,83.952,127595
1999,85.138,128234
1999.25,84.872,129084
1999.5,84.945,129771
1999.75,86.02,130783
2000,88.149,131604
2000.25,87.696,132063
2000.5,88.576,132337
2000.75,88.473,132716
2001,89.583,132751
2001.25,89.313,132300
2001.5,89.158,131763
2001.75,90.091,130983
2002,90.172,130722
2002.25,90.267,130674
2002.5,90.247,130502
2002.75,89.928,130465
2003,89.547,130235
2003.25,91.259,130186
2003.5,91.947,130252
2003.75,92.89,130589
2004,91.907,131140
2004.25,92.947,131794
2004.5,94.071,132089
2004.75,93.425,132630
2005,93.528,133154
2005.25,93.507,133948
2005.5,93.329,134552
2005.75,93.01,135159
2006,94.268,136038
2006.25,93.57,136337
2006.5,92.961,136826
2006.75,94.816,137249
2007,96.047,137784
2007.25,94.915,138070
2007.5,94.735,138099
2007.75,94.728,138395
2008,94.591,138259
2008.25,93.532,137700
2008.5,93.071,136760
2008.75,96.489,134847
2009,94.543,132494
2009.25,96.532,131008
2009.5,96.48,130246
2009.75,96.171,129808
2010,95.086,129866
2010.25,96.265,130510
2010.5,96.557,130341
2010.75,96.098,130830
2011,96.881,131283
2011.25,94.949,131931
2011.5,95.088,132344
2011.75,93.257,132888
2012,94.939,133748
2012.25,95.228,134013
2012.5,94.783,134517
2012.75,96.558,135074
2013,94.71,135689
2013.25,95.446,136279
2013.5,94.706,136821
2013.75,95.111,137372
2014,96.315,137985
2014.25,95.265,138849
2014.5,95.524,139563
2014.75,96.795,140364
2015,98.538,140923
2015.25,98.731,141709
2015.5,98.958,142275
2015.75,98.762,143077
2016,98.854,143662
2016.25,98.418,144147
2016.5,98.422,144967
2016.75,98.871,145408
2017,99.152,145970
2017.25,99.649,146583
2017.5,100.452,147008
2017.75,101,147523
2018,100.754,148280
2018.25,100.738,148960
2018.5,101.285,149358
2018.75,101.218,149809
2019,103.354,150295
2019.25,102.604,150838
2019.5,102.299,151365
2019.75,103.334,151794
2020,105.387,150895
2020.25,112.562,137671
2020.5,109.625,141770
2020.75,111.637,142548
2021,110.56,144232
2021.25,110.218,145820
2021.5,109.915,147771
2021.75,109.124,149816
2022,107.253,151315
2022.25,104.876,152358
2022.5,105.358,153582
2022.75,104.401,154342
2023,104.274,155134
2023.25,105.19,155880
2023.5,105.896,156417
2023.75,106.488,156857
2024,107.023,157466
2024.25,107.558,157695
2024.5,108.48,157912
2024.75,108.781,158316
2025,109.465,158377
2025.25,109.337,158478
2025.5,110.158,158548
2025.75,110.486,158432
2026,110.109,158650
2026.25,109.198,158892
